tweet_id,error_type
1222080881705140224,Forbidden
1222220972352163840,Forbidden
1222310040205320194,NotFound
1222352792032956416,Forbidden
1222360880576204800,NotFound
1222362261492244480,Forbidden
1222372487029125120,NotFound
1222378198400294912,NotFound
1222406716236562432,NotFound
1222429152487313408,Forbidden
1222445417247465483,NotFound
1222462306816122880,NotFound
1222471555864809474,Forbidden
1222482779167809539,NotFound
1222500002544717824,Forbidden
1222504772122685446,NotFound
1222505020421234688,Forbidden
1222517456394235911,Forbidden
1222535842436014081,NotFound
1222541479740047361,Forbidden
1222581439759208449,NotFound
1222583793963470849,Forbidden
1222600527466262529,Forbidden
1222611014354710534,NotFound
1222651803583438849,Forbidden
1222659216910893057,Forbidden
1222683237933297665,Forbidden
1222698115968524288,NotFound
1222713024919764993,NotFound
1222723999244750849,Forbidden
1222774988840808448,Forbidden
1222796340582707200,NotFound
1222798551110975488,Forbidden
1222806305833803776,Forbidden
1222809370594926594,NotFound
1222817585336504321,NotFound
1222831524644413441,NotFound
1222853058519977984,Forbidden
1222860923263733760,Forbidden
1222869585004642304,Forbidden
1222875424121851904,Forbidden
1222886413995085824,Forbidden
1222898374556340225,NotFound
1222904254228127747,NotFound
1222912073446961152,NotFound
1222939568925622272,Forbidden
1223018033670545409,Forbidden
1223028015728222208,NotFound
1223034026505703424,Forbidden
1223062223498575872,NotFound
1223074040111218689,Forbidden
1223078609482465281,NotFound
1223085563370078209,NotFound
1223098896718626816,Forbidden
1223104304128544768,Forbidden
1223167099654139906,Forbidden
1223168883101556736,Forbidden
1223184138032885760,NotFound
1223189342576836613,NotFound
1223212693764608005,Forbidden
1223248469340688389,NotFound
1223249004059693059,NotFound
1223285852194951177,NotFound
1223389111731527680,Forbidden
1223429560978616320,Forbidden
1223439777321627650,NotFound
1223450963924537344,NotFound
1223483388595785728,NotFound
1223483483915313152,NotFound
1223485733270368258,Forbidden
1223512318115565568,NotFound
1223526451766427653,NotFound
1223531902016950272,Forbidden
1223554217631154177,Forbidden
1223588622894538752,NotFound
1223616015965270017,NotFound
1223630563325566976,Forbidden
1223630964334546944,Forbidden
1223641679904702465,Forbidden
1223679711903199233,Forbidden
1223701988988329985,NotFound
1223751802769825792,NotFound
1223753006031785986,Forbidden
1223761177282514950,NotFound
1223764075403972609,Forbidden
1223771406388858881,NotFound
1223780873801211906,Forbidden
1223784005620752385,NotFound
1223827229010026496,Forbidden
1223846230502993921,NotFound
1223880570234474496,NotFound
1223935798833184768,NotFound
1223948496337661958,NotFound
1223973156681064448,NotFound
1223979659857100800,NotFound
1223991207937835010,Forbidden
1224057032887734274,NotFound
1224059725555257344,NotFound
1224195097471934466,NotFound
1224214116757377024,NotFound
1224231591586566144,Forbidden
1224309846155190273,Forbidden
1224353268362428416,NotFound
1224354069516443648,Forbidden
1224367477502697473,NotFound
1224369731009941511,Forbidden
1224384481827741697,NotFound
1224465258527379456,NotFound
1224484993977724934,Forbidden
1224520625219416064,Forbidden
1224549779096473606,NotFound
1224566968205729792,Forbidden
1224642150022828032,NotFound
1224699054355025922,Forbidden
1224716583957942272,NotFound
1224728020168138757,Forbidden
1224812059579293698,Forbidden
1224853106044940292,NotFound
1224873807829241857,Forbidden
1224911370434437120,NotFound
1224927607185190912,NotFound
1224996215366082560,Forbidden
1225032067282374656,Forbidden
1225048959749509121,Forbidden
1225057665031688192,Forbidden
1225086370726711296,NotFound
1225102550552023047,Forbidden
1225146544925696001,NotFound
1225263383139758081,Forbidden
1225295337776017408,NotFound
1225406957030342657,Forbidden
1225411692923965441,NotFound
1225413517676810240,NotFound
1225429084655648768,Forbidden
1225435772771110912,NotFound
1225461924969746432,Forbidden
1225483002941255680,Forbidden
1225505675352125440,Forbidden
1225521099833823232,NotFound
1225568791775633409,NotFound
1225615084220645376,NotFound
1225649038785073153,Forbidden
1225728835422949376,Forbidden
1225777525302988800,NotFound
1225784996176236544,NotFound
1225810342963380226,Forbidden
1225816478202511360,NotFound
1225870990598475776,NotFound
1225885127718457345,NotFound
1225915426510659586,Forbidden
1225940390349402112,NotFound
1225958293237051395,NotFound
1225965354779803649,Forbidden
1225978841329520640,NotFound
1225982238707220491,Forbidden
1225997177996169216,NotFound
1226021566540062720,Forbidden
1226116770622251008,NotFound
1226164778630074368,NotFound
1226186997930319872,NotFound
1226195559280730112,Forbidden
1226196766296547331,NotFound
1226213520750059522,Forbidden
1226230202763743234,NotFound
1226244319826317312,NotFound
1226323358507126784,Forbidden
1226336102866440198,Forbidden
1226365712869908482,NotFound
1226404108090757121,NotFound
1226463864478412800,Forbidden
1226598587909525504,Forbidden
1226602819672772609,NotFound
1226606557904830464,Forbidden
1226676354567098369,Forbidden
1226794410500861952,Forbidden
1226807177987276800,NotFound
1226830936886530049,NotFound
1226831844290646016,NotFound
1226841795981643782,Forbidden
1226863161002856449,Forbidden
1226892619097108480,Forbidden
1226918608187641856,NotFound
1226945666863239173,NotFound
1227006895359188995,NotFound
1227053043629248514,Forbidden
1227061935432036357,NotFound
1227066825852280841,NotFound
1227155441701928965,Forbidden
1227240842525413378,NotFound
1227252154538303488,NotFound
1227252335430103041,NotFound
1227296050764906496,Forbidden
1227340504221790213,Forbidden
1227368576048390144,Forbidden
1227379395461099522,NotFound
1227383981525565442,NotFound
1227531141852389377,NotFound
1227575291276476416,Forbidden
1227575383840739336,Forbidden
1227625227204452352,Forbidden
1227633098252259329,NotFound
1227636501141323776,Forbidden
1227637199803473922,NotFound
1227670863236993024,NotFound
1227692814290440192,Forbidden
1227718018773311489,Forbidden
1227795314842775553,NotFound
1227845348279775232,NotFound
1227865382561685504,NotFound
1227893168298840064,NotFound
1227948316228509697,Forbidden
1228020950240813059,NotFound
1228111577670389763,NotFound
1228128290549841920,Forbidden
1228221249031032835,Forbidden
1228306668552892416,Forbidden
1228308430055591938,Forbidden
1228352957533519873,Forbidden
1228371063496675329,Forbidden
1228386812407644162,Forbidden
1228437053140017153,Forbidden
1228487284053266433,NotFound
1228544847935606785,Forbidden
1228554553882054656,Forbidden
1228587060421894144,Forbidden
1228640825216655362,Forbidden
1228661872133648385,Forbidden
1228668913036267520,NotFound
1228717242096898053,NotFound
1228981778930515968,NotFound
1229019483190198272,Forbidden
1229031971583488002,NotFound
1229120589354262528,NotFound
1229211171548532738,NotFound
1229302343692210176,Forbidden
1229399856256626688,NotFound
1229402160514977795,Forbidden
1229452881495023618,Forbidden
1229492151706411010,Forbidden
1229496566127452160,NotFound
1229556852670828544,Forbidden
1229585615915823109,Forbidden
1229606972523241479,NotFound
1229654077472030720,NotFound
1229672539573641216,Forbidden
1229730015849242625,NotFound
1229740845592481792,NotFound
1229756632223100929,Forbidden
1229761257986777088,NotFound
1229767775213772802,Forbidden
1229799597519798273,Forbidden
1229824511777763328,NotFound
1229954437193576448,NotFound
1229962334782648320,Forbidden
1229970894329647104,Forbidden
1230190013578694656,Forbidden
1230273113327198208,Forbidden
1230330108159938562,NotFound
1230374600959119365,Forbidden
1230406517351993344,NotFound
1230428566950727681,NotFound
1230442922782232576,Forbidden
1230483250751119361,Forbidden
1230489295871500294,Forbidden
1230494442987180037,NotFound
1230497053341515776,NotFound
1230513468769329152,Forbidden
1230520385365430273,NotFound
1230536264165810176,NotFound
1230567060872126464,Forbidden
1230605460010622976,NotFound
1230613020100841472,NotFound
1230621450110828546,Forbidden
1230650372433166336,Forbidden
1230652519799410689,Forbidden
1230668203812061186,NotFound
1230669213624344576,NotFound
1230694882416758784,Forbidden
1230727876732866562,NotFound
1230788049770033152,Forbidden
1230845838886416385,NotFound
1230851055266803712,NotFound
1230877150275932163,NotFound
1230896457676394496,Forbidden
1230974134693158913,Forbidden
1231007036009304064,NotFound
1231051856492630016,NotFound
1231136121158959104,Forbidden
1231200095200301056,Forbidden
1231225221698531329,NotFound
1231225548069916673,NotFound
1231234713710317568,NotFound
1231250429243056128,Forbidden
1231265925355253761,NotFound
1231280149661921281,Forbidden
1231299412556689409,Forbidden
1231305590560952321,NotFound
1231393061722300421,Forbidden
1231396646858051585,Forbidden
1231471028276207617,NotFound
1231537585811599360,NotFound
1231542516396232705,NotFound
1231760969828884481,Forbidden
1231834094218035205,Forbidden
1231845792501071872,Forbidden
1231846378017579008,Forbidden
1231889667781345280,NotFound
1231929941824098305,Forbidden
1231953311428829186,Forbidden
1232008385479897088,NotFound
1232034638941638657,NotFound
1232073053258911744,Forbidden
1232144814411599872,NotFound
1232159280813486082,NotFound
1232175881520472064,Forbidden
1232181240058478592,NotFound
1232215623033290758,NotFound
1232268339646521344,Forbidden
1232287760716664833,NotFound
1232312804708741120,NotFound
1232313545305362439,Forbidden
1232316456299200512,Forbidden
1232330719273328643,NotFound
1232353772518748161,NotFound
1232355205183889413,NotFound
1232357760483807233,NotFound
1232367856332886016,NotFound
1232375773337653252,Forbidden
1232391035357143040,Forbidden
1232413862512775168,Forbidden
1232423404264992768,NotFound
1232425537852727297,Forbidden
1232437011736170497,NotFound
1232468907589419008,Forbidden
1232469694671511553,NotFound
1232472130454843392,NotFound
1232473030477021184,NotFound
1232498388710678528,Forbidden
1232509681756758017,NotFound
1232519756873392128,NotFound
1232536395765338112,NotFound
1232587700508606471,Forbidden
1232598959991820289,Forbidden
1232606674613145600,NotFound
1232630257246601217,NotFound
1232641361662369792,NotFound
1232653029536608258,NotFound
1232658694225027072,NotFound
1232675948341932043,Forbidden
1232679912122863617,Forbidden
1232687803252846594,NotFound
1232704699830276098,NotFound
1232714169616621573,Forbidden
1232732420136370178,Forbidden
1232742656410701825,NotFound
1232747545836818433,Forbidden
1232756518409396224,NotFound
1232760733437435904,NotFound
1232767463726702594,NotFound
1232784307879632897,Forbidden
1232792388789293056,Forbidden
1232792821914112000,Forbidden
1232802411716259841,NotFound
1232818624374747136,Forbidden
1232825472339206144,NotFound
1232826720711008257,Forbidden
1232833664293228544,Forbidden
1232841358563393537,NotFound
1232851733962985473,NotFound
1232855554265145349,NotFound
1232883745004240897,Forbidden
1232901330802368515,Forbidden
1232924883874545664,NotFound
1232925126930423809,NotFound
1232955537890914304,Forbidden
1232977708071706624,NotFound
1232982795649196032,NotFound
1232986252305207296,Forbidden
1233002267256684546,Forbidden
1233003223163834369,Forbidden
1233009773748064258,Forbidden
1233020625561800706,Forbidden
1233031541393121281,NotFound
1233038028316303360,NotFound
1233040122431492096,Forbidden
1233041369733779462,Forbidden
1233043545860251649,Forbidden
1233049676057739265,Forbidden
1233051003186012160,NotFound
1233069267085676544,Forbidden
1233080378216374272,NotFound
1233085606911037440,Forbidden
1233090803045629953,Forbidden
1233098387940970496,Forbidden
1233105186354290688,Forbidden
1233107774294384640,Forbidden
1233114047173844994,NotFound
1233116248499740673,NotFound
1233126497092849664,Forbidden
1233128101066027009,NotFound
1233128621490917376,NotFound
1233130068291047425,NotFound
1233134958132310024,Forbidden
1233138489346207745,Forbidden
1233144781167042560,Forbidden
1233145116241670154,Forbidden
1233151089417052164,Forbidden
1233152296814465026,NotFound
1233160897343954946,Forbidden
1233164994411405318,Forbidden
1233165125114322944,NotFound
1233174637682593794,NotFound
1233177520327077889,NotFound
1233201057897025536,NotFound
1233204681733627904,Forbidden
1233215028096094208,NotFound
1233229263249297408,NotFound
1233231159691218952,NotFound
1233239837383127041,NotFound
1233255263995596800,NotFound
1233262743865589760,Forbidden
1233276884424810497,NotFound
1233280779456663552,NotFound
1233280940526403584,Forbidden
1233301107541266432,NotFound
1233305072857055234,NotFound
1233311198520762368,Forbidden
1233329501951709186,NotFound
1233329581702221824,Forbidden
1233331229824561152,Forbidden
1233337512850083841,Forbidden
1233339014389944320,Forbidden
1233340589250355200,NotFound
1233363945194430464,NotFound
1233364532908654592,Forbidden
1233373652793593856,Forbidden
1233380923460157440,Forbidden
1233381734605041664,NotFound
1233391378526330880,Forbidden
1233400177635057669,Forbidden
1233410747733987329,NotFound
1233421453355311104,Forbidden
1233424111994638336,Forbidden
1233425788797624321,Forbidden
1233438822140039169,Forbidden
1233439519388532736,Forbidden
1233439760263208960,Forbidden
1233445407713366017,Forbidden
1233446372441022465,Forbidden
1233452953295560705,NotFound
1233459651376746496,NotFound
1233462375262703617,Forbidden
1233462798702858241,NotFound
1233464740422266880,NotFound
1233468471851261959,Forbidden
1233472464295952386,Forbidden
1233477401843294216,Forbidden
1233479072421777408,Forbidden
1233480819219537922,Forbidden
1233484107851730951,Forbidden
1233485236782149633,Forbidden
1233488835323060225,Forbidden
1233494259011145729,Forbidden
1233500871096328192,NotFound
1233505500936970240,Forbidden
1233511308512854017,Forbidden
1233525271657172993,NotFound
1233547143996006401,NotFound
1233573603905503237,NotFound
1233582710918197248,Forbidden
1233587668396761088,Forbidden
1233591267629531137,NotFound
1233596223455744000,NotFound
1233606800106233856,Forbidden
1233606873619656705,Forbidden
1233629190223802368,NotFound
1233629521326133248,Forbidden
1233712081469366272,NotFound
1233712562128195586,NotFound
1233714340773146624,NotFound
1233717712326668289,Forbidden
1233731488644026368,Forbidden
1233735569978490882,Forbidden
1233744143467368457,Forbidden
1233746161384775680,NotFound
1233750579471618051,NotFound
1233762169570742273,NotFound
1233762312953253890,Forbidden
1233768092595097600,NotFound
1233791415668228102,NotFound
1233795797248086019,NotFound
1233797715613638657,NotFound
1233799325521793025,NotFound
1233803803083726849,NotFound
1233810996382380032,NotFound
1233820150719287296,Forbidden
1233825695647838211,NotFound
1233830287659933696,NotFound
1233830413346406401,Forbidden
1233839304943788038,Forbidden
1233841326678040576,NotFound
1233842573267099648,Forbidden
1233842942793613314,Forbidden
1233864107323002880,Forbidden
1233866289418055680,Forbidden
1233872945145139203,Forbidden
1233883098544136192,NotFound
1233890782928605185,NotFound
1233893818853814272,Forbidden
1233894354420453378,Forbidden
1233897230412574721,NotFound
1233898551832268800,NotFound
1233904246933901314,NotFound
1233907598455386112,Forbidden
1233920211478360065,NotFound
1233947517781327872,Forbidden
1233974637480071169,NotFound
1233980655295516679,Forbidden
1233983636036128769,NotFound
1233988217939976192,Forbidden
1233989072504274946,NotFound
1233992172694724609,Forbidden
1233999406917193728,NotFound
1234035482461257728,Forbidden
1234070946421465088,NotFound
1234074465996161024,Forbidden
1234092624421588992,NotFound
1234100887439568896,NotFound
1234111388097884160,NotFound
1234127697581924352,NotFound
1234132673771319296,NotFound
1234134538583969792,NotFound
1234135048829460481,Forbidden
1234138983774355456,Forbidden
1234141309096648706,NotFound
1234144473270996993,NotFound
1234145715246575616,Forbidden
1234150394822975488,Forbidden
1234161892584828937,NotFound
1234165612278173700,NotFound
1234180321115099137,Forbidden
1234181877042417665,Forbidden
1234186220567171072,NotFound
1234192874155147264,Forbidden
1234213067766091779,Forbidden
1234226149103935489,Forbidden
1234233617737494533,Forbidden
1234240382122086400,NotFound
1234267544065675264,NotFound
1234281641121587201,NotFound
1234323518449385472,Forbidden
1234332399699472384,Forbidden
1234347357703008256,Forbidden
1234350797099499520,Forbidden
1234351506331258880,NotFound
1234364792409903104,NotFound
1234374594447867904,NotFound
1234380889318187008,Forbidden
1234389903389200385,NotFound
1234435572296560641,NotFound
1234465511360147456,Forbidden
1234471062999572482,Forbidden
1234479596625592320,NotFound
1234482016353234945,NotFound
1234488206722248705,Forbidden
1234508090554363905,NotFound
1234511805625634816,Forbidden
1234534927305039880,Forbidden
1234538091974733825,Forbidden
1234556000310611969,Forbidden
1234557805060927489,Forbidden
1234561159925293061,Forbidden
1234567831485681664,NotFound
1234571418072907776,Forbidden
1234571820579336192,NotFound
1234579926956859393,NotFound
1234605325602312197,NotFound
1234608409414184962,NotFound
1234636261270466561,Forbidden
1234649101037264896,NotFound
1234652897390006272,Forbidden
1234660863035838465,Forbidden
1234670808464650242,NotFound
1234687286865887232,Forbidden
1234701767704752129,Forbidden
1234722857470398464,Forbidden
1234739315772555264,Forbidden
1234752656020852736,Forbidden
1234755322239164417,NotFound
1234756329618771968,Forbidden
1234786797009293313,NotFound
1234789593494544384,NotFound
1234802272275578881,Forbidden
1234804259872542722,Forbidden
1234807102289465345,NotFound
1234810291743068160,NotFound
1234812255159455744,NotFound
1234813962048417794,NotFound
1234818372245872640,Forbidden
1234832829747355648,NotFound
1234840747012214784,NotFound
1234850374298873860,Forbidden
1234856135850680322,NotFound
1234856458275213319,NotFound
1234859267448082432,NotFound
1234863964523319297,NotFound
1234873729370509312,Forbidden
1234878578329899014,NotFound
1234884198638538755,NotFound
1234889663485300736,NotFound
1234896978980376576,Forbidden
1234897346330230784,NotFound
1234899936325619716,NotFound
1234904387362967554,NotFound
1234913421952339969,NotFound
1234916171755008002,NotFound
1234928905221476352,NotFound
1234936915738185729,NotFound
1234939998690054153,NotFound
1234941565778513922,Forbidden
1234942777257078785,NotFound
1234949264448471040,NotFound
1234967734875607040,NotFound
1234967994356256768,NotFound
1234982467544604672,Forbidden
1235006741127012355,Forbidden
1235010932499247104,NotFound
1235017305127518208,NotFound
1235040623410978817,Forbidden
1235050794707087360,NotFound
1235074088776773632,NotFound
1235078676183572482,NotFound
1235083184485756929,NotFound
1235117372328955904,NotFound
1235121688045445120,Forbidden
1235124207228461058,Forbidden
1235126988030922752,Forbidden
1235144106755661824,Forbidden
1235153952628453376,NotFound
1235157078777286656,NotFound
1235160804778967040,NotFound
1235162346781319168,NotFound
1235165046008885250,NotFound
1235166083251724288,Forbidden
1235172369318187009,NotFound
1235173376353873921,Forbidden
1235177810748223490,Forbidden
1235179637317292032,Forbidden
1235184347415748608,NotFound
1235190803422687232,Forbidden
1235194148552089601,NotFound
1235223863295959040,NotFound
1235227275890573312,NotFound
1235228626204930050,NotFound
1235230352022654980,Forbidden
1235233126756110336,Forbidden
1235235075291308034,NotFound
1235235185387597839,NotFound
1235236364276420610,Forbidden
1235237234753798146,NotFound
1235238125108158464,NotFound
1235239126171111424,Forbidden
1235243071543050241,Forbidden
1235247443564023808,NotFound
1235248040115662850,Forbidden
1235250603917488133,NotFound
1235255307435114502,NotFound
1235255802379866120,NotFound
1235262707424735236,Forbidden
1235263457135448064,NotFound
1235267122504355840,NotFound
1235272892654456836,NotFound
1235277712216010755,Forbidden
1235291230961045509,NotFound
1235296404144377866,Forbidden
1235303707413229568,Forbidden
1235305224094601218,NotFound
1235311110217175043,Forbidden
1235323269953314816,Forbidden
1235356179091673088,Forbidden
1235360494313254914,NotFound
1235366087681880064,NotFound
1235367967765889024,Forbidden
1235372692028653568,Forbidden
1235373736012001283,NotFound
1235373819478659074,NotFound
1235374131115220993,Forbidden
1235381255333539840,Forbidden
1235385069570641926,Forbidden
1235395803880906752,NotFound
1235421213796646912,NotFound
1235434067799097344,NotFound
1235451791380103168,NotFound
1235454553073553415,Forbidden
1235459191063617536,NotFound
1235468045784506369,Forbidden
1235478976950222849,NotFound
1235486291170603008,NotFound
1235500569458077698,NotFound
1235502213017079808,Forbidden
1235512591721672705,NotFound
1235513549293629441,Forbidden
1235546342119763968,NotFound
1235550293795930113,Forbidden
1235567830805794816,Forbidden
1235570033360691201,NotFound
1235583387689267200,NotFound
1235588435123081216,Forbidden
1235591784228630528,NotFound
1235596586450702337,Forbidden
1235601170191642626,Forbidden
1235603212494729218,Forbidden
1235607742494187521,Forbidden
1235608603769389056,Forbidden
1235614498179780610,Forbidden
1235615357383163907,NotFound
1235616393770434561,Forbidden
1235624994870185984,Forbidden
1235633058583203840,Forbidden
1235633338637049856,NotFound
1235642225670799360,NotFound
1235643759242686465,Forbidden
1235645170391158785,NotFound
1235647798055403526,NotFound
1235648354270539776,NotFound
1235657609002143745,NotFound
1235659722193334274,NotFound
1235664798211125248,Forbidden
1235673418743377929,NotFound
1235674521362825217,Forbidden
1235706298764865541,NotFound
1235710772308635648,NotFound
1235737607251902466,Forbidden
1235741869222563840,Forbidden
1235745208244953090,NotFound
1235745717919997952,NotFound
1235751830375690241,Forbidden
1235760440447324168,Forbidden
1235773253462917124,Forbidden
1235797153718525952,NotFound
1235801969064693760,Forbidden
1235806088345169922,NotFound
1235806623026667520,Forbidden
1235810002201264134,Forbidden
1235834167666954242,Forbidden
1235846261661503488,NotFound
1235856034280787968,NotFound
1235892618824949760,NotFound
1235893534974078977,NotFound
1235898743729373189,NotFound
1235909120814911488,Forbidden
1235934174302760960,Forbidden
1235936961422077953,NotFound
1235942866414899200,NotFound
1235984531099967489,NotFound
1235984812583931906,Forbidden
1235985923290075136,NotFound
1235993656609423361,Forbidden
1236002332720103425,NotFound
1236003067063152641,NotFound
1236004721602813961,NotFound
1236012794513891329,NotFound
1236013374116376578,NotFound
1236016693811515394,NotFound
1236021630687731712,Forbidden
1236032545449533441,NotFound
1236046517171089408,Forbidden
1236049200087027712,NotFound
1236072566923681797,NotFound
1236078915388608512,NotFound
1236082690358743040,Forbidden
1236083154030669824,NotFound
1236089930251554816,NotFound
1236095234360172546,NotFound
1236098060381388800,NotFound
1236106459768856581,NotFound
1236110794598658048,Forbidden
1236128010748571648,Forbidden
1236131326979452928,NotFound
1236135652313399297,Forbidden
1236137196920483841,NotFound
1236144302411190272,Forbidden
1236153157492920321,NotFound
1236156735330693122,Forbidden
1236166039018192898,NotFound
1236169501596504064,Forbidden
1236179058561617920,Forbidden
1236188343064354816,Forbidden
1236188585906204672,NotFound
1236230124732854272,Forbidden
1236251724081319938,Forbidden
1236263821624266752,NotFound
1236266012489797632,NotFound
1236272876799623171,Forbidden
1236293393564737538,Forbidden
1236294716393742336,Forbidden
1236295924806189056,Forbidden
1236313800107855874,NotFound
1236315192071467010,NotFound
1236319851167330305,Forbidden
1236320911713763329,NotFound
1236325769493659648,Forbidden
1236336831555346433,Forbidden
1236352113091006465,NotFound
1236361163832770561,NotFound
1236362623681085442,NotFound
1236364126395551744,NotFound
1236368664636452864,NotFound
1236369198273552384,NotFound
1236370820789829632,Forbidden
1236377383848103937,NotFound
1236379775435968512,Forbidden
1236380975967301632,NotFound
1236385730743668736,Forbidden
1236390152857178112,Forbidden
1236410950032523264,NotFound
1236413194492465152,NotFound
1236424248803176450,NotFound
1236427504702849025,Forbidden
1236433795445714944,NotFound
1236447104853086208,NotFound
1236447923828740096,Forbidden
1236450587790716929,NotFound
1236457194717163521,NotFound
1236463713357639681,NotFound
1236464220285186048,NotFound
1236480547519676421,NotFound
1236482185827360769,Forbidden
1236482681862488065,Forbidden
1236487168341794819,Forbidden
1236491522213847040,Forbidden
1236500157585174529,Forbidden
1236504813963075584,Forbidden
1236523313280794624,NotFound
1236532277678497797,NotFound
1236553768751202304,NotFound
1236579667030740992,NotFound
1236597993698021376,NotFound
1236616018467753987,NotFound
1236619406115028993,NotFound
1236625363083632645,NotFound
1236648972254695429,Forbidden
1236653164625121281,NotFound
1236660232098443264,Forbidden
1236669214339084290,Forbidden
1236685210135207937,Forbidden
1236694309501427712,Forbidden
1236700148211859456,Forbidden
1236703260037263369,Forbidden
1236705742511583241,Forbidden
1236708604750725122,NotFound
1236721972618432514,NotFound
1236741016494804993,Forbidden
1236741154194022401,Forbidden
1236752807446732800,Forbidden
1236752924128272385,NotFound
1236759048801878017,Forbidden
1236762493336186880,Forbidden
1236763832669933569,NotFound
1236772899232587778,NotFound
1236780049577078784,NotFound
1236792093428809728,Forbidden
1236794643817345025,NotFound
1236797052031393792,Forbidden
1236810601625722891,Forbidden
1236815996251496448,NotFound
1236834924985974784,NotFound
1236839735919874053,NotFound
1236845134794223616,Forbidden
1236845206781247489,Forbidden
1236846864952995841,Forbidden
1236854944906567680,Forbidden
1236865587206221825,NotFound
1236870602524426241,NotFound
1236876736106659840,NotFound
1236877900395065344,Forbidden
1236883688018849792,Forbidden
1236899789884862464,NotFound
1236913439903277056,NotFound
1236918943387987968,NotFound
1236936249602162690,Forbidden
1236949160764424193,Forbidden
1236956125251031043,NotFound
1236967151644192769,NotFound
1236973025695801347,Forbidden
1236980794025037824,NotFound
1236981892408197120,NotFound
1236985524193296384,NotFound
1236994238069362691,Forbidden
1236994861280178177,NotFound
1237005797848162304,Forbidden
1237006099800260608,Forbidden
1237011989416660993,NotFound
1237019773923360772,NotFound
1237022337528201220,NotFound
1237027552507482112,NotFound
1237028121901137921,Forbidden
1237029266744803333,NotFound
1237029832048832512,Forbidden
1237030085263163392,Forbidden
1237032827792666626,Forbidden
1237037261184786432,Forbidden
1237043550052913152,Forbidden
1237045771968675840,Forbidden
1237050711986274305,Forbidden
1237060426564804608,Forbidden
1237060956842311683,Forbidden
1237062592943861762,Forbidden
1237062763236777985,Forbidden
1237063746754719744,Forbidden
1237063964070051840,NotFound
1237065393920978945,Forbidden
1237068515405791243,NotFound
1237069292710932485,Forbidden
1237072226459045892,Forbidden
1237072375457423361,Forbidden
1237072556223586304,NotFound
1237081820455407616,NotFound
1237083126276534276,NotFound
1237086652364980226,NotFound
1237087750567976960,Forbidden
1237093115556659200,NotFound
1237093482285510656,NotFound
1237095914038329347,Forbidden
1237098731415076864,Forbidden
1237099486733905922,NotFound
1237101232868769795,NotFound
1237106306353221632,NotFound
1237108091537293314,NotFound
1237112008492953603,Forbidden
1237114247815081986,NotFound
1237116328886108160,Forbidden
1237125863432429570,Forbidden
1237127051699724288,Forbidden
1237127667285188612,Forbidden
1237128969645953025,Forbidden
1237131051492933639,NotFound
1237131198184341506,NotFound
1237133288566898690,NotFound
1237136199489290241,NotFound
1237137478101893121,NotFound
1237162820334125056,NotFound
1237163254469873664,Forbidden
1237166334275977216,Forbidden
1237170419754557440,Forbidden
1237175611866542081,Forbidden
1237176899140325376,NotFound
1237179950362329090,Forbidden
1237183108467785728,Forbidden
1237183494004051970,NotFound
1237187562747330560,Forbidden
1237192525154320387,NotFound
1237195215594717189,Forbidden
1237199848979361794,Forbidden
1237200775341694977,Forbidden
1237210347985043456,Forbidden
1237231077426593792,Forbidden
1237238878647418880,NotFound
1237258214351065089,NotFound
1237259906132164608,Forbidden
1237265214690607104,NotFound
1237266893179768832,NotFound
1237271691744530432,Forbidden
1237273620876910593,Forbidden
1237275082440847360,NotFound
1237281994406539264,NotFound
1237283601583988737,Forbidden
1237288730475593728,Forbidden
1237292030390386688,NotFound
1237306056537079809,NotFound
1237316209210769408,Forbidden
1237334247750410240,Forbidden
1237341776358379520,NotFound
1237345257345486849,Forbidden
1237349247886004229,NotFound
1237351277824217091,Forbidden
1237353866615820288,Forbidden
1237354903682588673,NotFound
1237365750995791874,NotFound
1237368625507340289,Forbidden
1237370170940719104,NotFound
1237373548387348480,Forbidden
1237379529653379077,NotFound
1237380401758261250,Forbidden
1237381115490557952,NotFound
1237383370138480641,NotFound
1237383672052899840,NotFound
1237385883554213888,Forbidden
1237390264055951362,Forbidden
1237392721364414465,Forbidden
1237399350185246721,Forbidden
1237400573214932993,NotFound
1237400670074011648,Forbidden
1237401215639515136,Forbidden
1237404002846830592,Forbidden
1237405571919347713,NotFound
1237411116319473669,Forbidden
1237412114219716608,Forbidden
1237417425416507393,Forbidden
1237417863125913600,NotFound
1237420763608690690,Forbidden
1237422026215886848,Forbidden
1237426826193977345,Forbidden
1237427508229914628,NotFound
1237430159189446658,NotFound
1237431433683238917,Forbidden
1237442554393694217,Forbidden
1237443836097503238,NotFound
1237447275682631680,NotFound
1237450618609909760,Forbidden
1237452572094533633,Forbidden
1237454546965848067,Forbidden
1237456079224623104,NotFound
1237456286473687041,NotFound
1237458457944440832,NotFound
1237465915819786243,NotFound
1237467039108861953,Forbidden
1237467041361285126,NotFound
1237468793842077699,Forbidden
1237472138145067008,NotFound
1237473507778453505,NotFound
1237477467947847680,NotFound
1237477828922351617,NotFound
1237483930540036102,NotFound
1237488267815247877,NotFound
1237488555544453120,NotFound
1237491913776943109,NotFound
1237492975518855168,NotFound
1237498081853296649,NotFound
1237505087758569473,Forbidden
1237506963568603137,NotFound
1237507087707582464,NotFound
1237511784694603776,NotFound
1237514831768350721,Forbidden
1237518970451685380,NotFound
1237519964757569537,NotFound
1237525450550730752,NotFound
1237529842402222081,NotFound
1237533815662231553,Forbidden
1237536742493708290,NotFound
1237539527591219202,NotFound
1237548331112398848,Forbidden
1237550355480637440,NotFound
1237566296092332033,Forbidden
1237568471153528836,NotFound
1237576539320926208,Forbidden
1237598590941290496,Forbidden
1237606779061563393,Forbidden
1237612936878632963,NotFound
1237623450149294081,NotFound
1237624881191071744,NotFound
1237637070954397696,Forbidden
1237639284808536064,NotFound
1237640406143078400,NotFound
1237641299144183814,NotFound
1237641799809634306,NotFound
1237646246447284224,NotFound
1237654381123833856,NotFound
1237659863527743489,NotFound
1237662806133989376,NotFound
1237664464113041408,NotFound
1237680270058422275,NotFound
1237681395520000003,Forbidden
1237687311137005569,Forbidden
1237687896620044292,NotFound
1237689331017490432,Forbidden
1237691482267582465,NotFound
1237695797195501568,Forbidden
1237700661208211456,Forbidden
1237700993699151872,NotFound
1237706160678961152,Forbidden
1237706691870887937,NotFound
1237718850558291969,Forbidden
1237722006906458112,NotFound
1237724368932757504,Forbidden
1237731061624258562,NotFound
1237731327488561152,NotFound
1237734129774538754,NotFound
1237734346129199104,Forbidden
1237735944968712192,NotFound
1237736509031084032,NotFound
1237738584335167489,NotFound
1237741764150267909,NotFound
1237745706284265473,NotFound
1237747341429366784,NotFound
1237748224301113344,Forbidden
1237748426768560128,NotFound
1237752556186742784,Forbidden
1237753897319649281,Forbidden
1237757682154721287,NotFound
1237758741212266496,NotFound
1237763172079149056,Forbidden
1237763973203755008,Forbidden
1237764610679160833,NotFound
1237764726089711616,NotFound
1237766075565125633,Forbidden
1237766257644109829,Forbidden
1237766690261344258,NotFound
1237767246962929664,NotFound
1237767789802393600,NotFound
1237769218709323776,NotFound
1237770062276288512,NotFound
1237771374338420736,Forbidden
1237773491878780928,NotFound
1237775238735093760,Forbidden
1237775295286890496,NotFound
1237775759923609600,NotFound
1237776782209642498,NotFound
1237777934607437826,Forbidden
1237778008984838145,Forbidden
1237779489079386112,NotFound
1237782373950865409,Forbidden
1237782686447611906,Forbidden
1237785471239032839,Forbidden
1237785964065497088,NotFound
1237786780213997573,Forbidden
1237787936730406913,NotFound
1237788465703661569,Forbidden
1237791636513382402,NotFound
1237793631257473027,Forbidden
1237794893252169731,Forbidden
1237795507432493056,NotFound
1237796388265746433,NotFound
1237801229545345028,NotFound
1237803343948414976,NotFound
1237804772914352128,Forbidden
1237805795087200258,NotFound
1237805942130999297,Forbidden
1237811773937528832,Forbidden
1237812986804387847,Forbidden
1237815323086082049,NotFound
1237817692545056771,NotFound
1237819560876793859,NotFound
1237824994442428422,NotFound
1237826506891681794,Forbidden
1237827342652837895,NotFound
1237828648704581633,NotFound
1237828859103494146,NotFound
1237833105106513925,NotFound
1237833454626263043,NotFound
1237833867777671168,Forbidden
1237834645762453504,NotFound
1237837466935201793,NotFound
1237838136694185986,NotFound
1237840147665661954,NotFound
1237840204020346887,NotFound
1237841665009651712,Forbidden
1237841971143573504,NotFound
1237845848777580545,Forbidden
1237848156403990536,Forbidden
1237848352449900547,Forbidden
1237851863975751680,NotFound
1237853256170102784,Forbidden
1237853409694191624,NotFound
1237854862496456704,NotFound
1237858571175391238,Forbidden
1237861202706882560,Forbidden
1237867899361980417,Forbidden
1237869787302117377,NotFound
1237871302230208513,NotFound
1237881627356717061,Forbidden
1237884436135337984,Forbidden
1237885609064071168,Forbidden
1237889678293880832,NotFound
1237891626229305347,NotFound
1237893047616036867,NotFound
1237897840942174208,NotFound
1237900771506688003,NotFound
1237902591394283521,NotFound
1237904904812888067,Forbidden
1237905545002024960,Forbidden
1237906401382617089,Forbidden
1237911173246226432,Forbidden
1237913431438737409,Forbidden
1237913822150754306,NotFound
1237914017563398145,Forbidden
1237916774269685760,NotFound
1237918753414877184,Forbidden
1237918950547210242,NotFound
1237919294006136832,NotFound
1237920372395147264,Forbidden
1237921044960329728,Forbidden
1237921242830774272,NotFound
1237922326055915520,Forbidden
1237924544901505025,Forbidden
1237925235619479553,Forbidden
1237926441364246528,Forbidden
1237926601230372869,NotFound
1237926713520205825,Forbidden
1237927180249817094,NotFound
1237929192559271936,NotFound
1237929488224112640,Forbidden
1237929543337488387,Forbidden
1237931218890452992,Forbidden
1237931475456098305,NotFound
1237931681170022400,NotFound
1237933359705264128,NotFound
1237933896974479360,NotFound
1237936292253429760,Forbidden
1237936493777190913,NotFound
1237937271954948104,Forbidden
1237938214100324359,Forbidden
1237938318890983424,NotFound
1237939090605117441,Forbidden
1237939331374989312,Forbidden
1237944127117025285,Forbidden
1237944480646328320,Forbidden
1237945386221912065,NotFound
1237945542849814536,NotFound
1237947285104996360,NotFound
1237947334563991553,Forbidden
1237948671200649217,Forbidden
1237949648007880706,NotFound
1237951612548612097,NotFound
1237952085078966272,NotFound
1237953657263591425,NotFound
1237953817443889152,Forbidden
1237954266876112897,NotFound
1237954470555910144,NotFound
1237954586788446210,Forbidden
1237955506548817920,Forbidden
1237957581848621056,Forbidden
1237960106542796800,Forbidden
1237964420170616838,Forbidden
1237964862677864448,NotFound
1237965285954478080,Forbidden
1237965651882512384,NotFound
1237966305212248064,Forbidden
1237966992612528128,Forbidden
1237968636796497922,Forbidden
1237969508607782914,NotFound
1237970020908621824,Forbidden
1237971964595187712,Forbidden
1237972093582454785,NotFound
1237972678805311488,NotFound
1237974474860965889,NotFound
1237974532813516800,NotFound
1237976681794633729,Forbidden
1237978069652008960,NotFound
1237980552885493762,NotFound
1237981400218906624,Forbidden
1237981791211978752,Forbidden
1237987158444539905,Forbidden
1237988790800711680,NotFound
1237990202963939328,NotFound
1237990970232201218,Forbidden
1237996981227790336,Forbidden
1237998516024356864,NotFound
1238000782580109312,Forbidden
1238014754138062848,NotFound
1238015449734012929,NotFound
1238017399841894400,Forbidden
1238031966605381632,NotFound
1238037001540194305,Forbidden
1238043075550883841,Forbidden
1238049239663554560,Forbidden
1238052985835405313,NotFound
1238054956818718722,NotFound
1238056820918419456,NotFound
1238057144387137539,NotFound
1238059515767132162,NotFound
1238062379067301888,NotFound
1238063196625199105,Forbidden
1238063549743656960,NotFound
1238065483846504450,NotFound
1238065769491169283,Forbidden
1238073431150735361,NotFound
1238076571086393345,Forbidden
1238079151548096512,NotFound
1238079689673105410,Forbidden
1238080482241155073,NotFound
1238081536957861891,NotFound
1238085197591183363,NotFound
1238085530857816066,Forbidden
1238089121157001216,Forbidden
1238090374565904384,NotFound
1238090937441701888,NotFound
1238097056671191041,NotFound
1238099729273237506,Forbidden
1238101402628640768,Forbidden
1238101798105341955,NotFound
1238104531222790144,NotFound
1238107143259197441,NotFound
1238108946986041348,NotFound
1238116285168226305,NotFound
1238118144943607809,NotFound
1238120978410082304,Forbidden
1238122051732262913,NotFound
1238125868267892737,Forbidden
1238126011058814976,Forbidden
1238127056438902785,Forbidden
1238129896293097472,Forbidden
1238130926036504578,NotFound
1238132385754910720,Forbidden
1238132943803031552,Forbidden
1238132944000163840,Forbidden
1238133255079170048,NotFound
1238133273009815552,NotFound
1238135981108129792,Forbidden
1238137416705245184,Forbidden
1238139391714811904,NotFound
1238140459622567936,NotFound
1238142109028200449,NotFound
1238142475585363971,Forbidden
1238142960048504835,NotFound
1238143110040793090,NotFound
1238145292618383360,NotFound
1238146562632691715,Forbidden
1238147239446446080,Forbidden
1238147557525721091,NotFound
1238148393312161793,Forbidden
1238148437679407106,NotFound
1238151403362803716,Forbidden
1238152262838439936,NotFound
1238152404115349506,Forbidden
1238153017830055937,Forbidden
1238153162067832832,NotFound
1238155364341866496,Forbidden
1238157508881068032,Forbidden
1238157852104994816,NotFound
1238158166120108032,NotFound
1238158512896835587,Forbidden
1238162402933452800,Forbidden
1238162559448035330,NotFound
1238162608840114176,NotFound
1238162726603669507,Forbidden
1238163233548058624,NotFound
1238163530001477632,NotFound
1238165212928212997,NotFound
1238167089556459527,NotFound
1238168141496279040,NotFound
1238168302821785608,NotFound
1238168432165568513,NotFound
1238170106343145477,Forbidden
1238170402997886978,NotFound
1238173742649524225,Forbidden
1238173748412452864,NotFound
1238175037951078400,NotFound
1238175401765191687,Forbidden
1238175821157842944,NotFound
1238176663990648834,Forbidden
1238177078006157314,NotFound
1238177342201180161,Forbidden
1238177890715553795,NotFound
1238177936441663488,Forbidden
1238178179057057799,NotFound
1238179169651036160,NotFound
1238180221854994432,NotFound
1238183790947651584,NotFound
1238185501456093185,NotFound
1238186151044960256,NotFound
1238186530302279682,NotFound
1238186538544107520,NotFound
1238187854087557120,Forbidden
1238187993510404101,Forbidden
1238190504681988096,NotFound
1238190766620577792,Forbidden
1238190859973283843,NotFound
1238195190613114881,NotFound
1238195325158002693,NotFound
1238196453140574210,NotFound
1238196909803810817,NotFound
1238196931542777856,Forbidden
1238197960686440448,NotFound
1238199181631606784,Forbidden
1238199470841417728,Forbidden
1238199519898198016,NotFound
1238201785610878983,Forbidden
1238202659217141761,Forbidden
1238202767124111363,Forbidden
1238204579470336000,Forbidden
1238205053359591424,NotFound
1238205477869236224,Forbidden
1238210127171223553,NotFound
1238210268712316929,NotFound
1238210674955677697,Forbidden
1238210844477046788,NotFound
1238212128248459265,NotFound
1238212129397919744,Forbidden
1238214573217308672,NotFound
1238214708743766016,NotFound
1238215585281921024,NotFound
1238219628951810051,NotFound
1238220183971319808,Forbidden
1238220426607759362,NotFound
1238220933384593413,NotFound
1238221494376792064,NotFound
1238222109899399169,NotFound
1238222915071430656,NotFound
1238225434258571265,NotFound
1238228406313062402,NotFound
1238229713069510657,NotFound
1238229788872937472,NotFound
1238231142186340353,NotFound
1238231917088169984,NotFound
1238232321964335107,Forbidden
1238235802708119553,Forbidden
1238236820850253836,NotFound
1238237962741207040,NotFound
1238238265666404359,NotFound
1238238388223750144,Forbidden
1238238710493335553,Forbidden
1238239625317101570,Forbidden
1238239809459675136,Forbidden
1238242191430103042,NotFound
1238244544132665346,Forbidden
1238246010540998656,NotFound
1238248081315057681,NotFound
1238250366921248768,NotFound
1238251495948193792,NotFound
1238251915416342530,Forbidden
1238252599758946304,Forbidden
1238253285926146050,NotFound
1238254407936073730,NotFound
1238254589583003649,NotFound
1238254916080152579,NotFound
1238255655473029120,Forbidden
1238256358937563140,Forbidden
1238258587526463488,NotFound
1238261960883548160,NotFound
1238263398586032130,Forbidden
1238263605289598977,Forbidden
1238263931749138432,NotFound
1238267218242048000,NotFound
1238267464586129408,NotFound
1238268271020978176,Forbidden
1238268609794727937,NotFound
1238268727172497408,Forbidden
1238268749154865154,NotFound
1238268998141251589,NotFound
1238269146313502722,Forbidden
1238269227741528069,Forbidden
1238269835806748672,Forbidden
1238271772958625802,Forbidden
1238274263016189953,Forbidden
1238274615174201346,Forbidden
1238276257382428673,NotFound
1238276295928287232,Forbidden
1238277186668228615,Forbidden
1238277221011210241,NotFound
1238277855206932481,Forbidden
1238278114846879744,NotFound
1238278654955671552,NotFound
1238279100235755522,Forbidden
1238281481497317377,Forbidden
1238281735122456576,Forbidden
1238284457515167745,Forbidden
1238285021376647169,NotFound
1238285296531394560,Forbidden
1238286247166185472,NotFound
1238286462807916545,Forbidden
1238286827636887555,NotFound
1238287328717783040,Forbidden
1238287672365289473,NotFound
1238288469794992129,NotFound
1238289011384467456,NotFound
1238289111280160770,NotFound
1238290082974568450,NotFound
1238290517202358274,NotFound
1238292554396962817,NotFound
1238292647535656960,NotFound
1238293598795415554,NotFound
1238294633622335488,Forbidden
1238295443009748992,Forbidden
1238296157668982784,NotFound
1238296308169035776,Forbidden
1238297996493799424,NotFound
1238299583186374657,NotFound
1238300316249907201,Forbidden
1238301195283783680,Forbidden
1238301479368192002,Forbidden
1238301642006519808,NotFound
1238302437590495234,NotFound
1238303496983674882,NotFound
1238303509788966912,Forbidden
1238304033401700354,NotFound
1238304704318386181,NotFound
1238308355371872256,Forbidden
1238313020398489600,NotFound
1238313136907747328,Forbidden
1238314595556765696,NotFound
1238315119265886208,Forbidden
1238315619017162752,NotFound
1238316238729883649,NotFound
1238318070227230722,NotFound
1238318973185183744,NotFound
1238320113784205312,Forbidden
1238320481075261441,NotFound
1238322592647274499,Forbidden
1238322901310455808,NotFound
1238324699928629249,NotFound
1238325698839773184,Forbidden
1238326216555364352,NotFound
1238326282133196801,NotFound
1238330398326882304,NotFound
1238339921456312321,Forbidden
1238348423469957120,Forbidden
1238350444507705346,Forbidden
1238350786444189696,NotFound
1238351561685757952,NotFound
1238353329677197312,NotFound
1238356101323603968,NotFound
1238359459543617536,NotFound
1238363490328252416,NotFound
1238376058719735808,Forbidden
1238377378025480192,Forbidden
1238377723724206080,Forbidden
1238378495299985408,NotFound
1238378573729280006,NotFound
1238380798333661184,NotFound
1238381915545030656,Forbidden
1238384252229648384,Forbidden
1238384999105097728,Forbidden
1238388248738770944,Forbidden
1238388743326830593,NotFound
1238390563184857088,Forbidden
1238395838956744704,Forbidden
1238397661314789377,NotFound
1238397890604732416,NotFound
1238398761178718208,NotFound
1238398785463693314,NotFound
1238410718887776256,Forbidden
1238413707618717696,Forbidden
1238416864449085443,NotFound
1238418896350318593,NotFound
1238419219232014337,NotFound
1238420753843924993,NotFound
1238423005350572032,Forbidden
1238423502580936704,Forbidden
1238426030802644992,NotFound
1238430260070318081,NotFound
1238431288366968833,Forbidden
1238432176879919105,NotFound
1238434488037695490,NotFound
1238435470846988288,NotFound
1238440346847232000,NotFound
1238441380139143170,NotFound
1238441420588867584,Forbidden
1238441609747931136,Forbidden
1238442609250570240,Forbidden
1238444862027988993,Forbidden
1238448008162836480,Forbidden
1238448799380459520,NotFound
1238450070644817921,NotFound
1238453553565323264,Forbidden
1238454252449812485,NotFound
1238455509646299136,NotFound
1238457710603108353,Forbidden
1238458144507990019,NotFound
1238459895713878018,Forbidden
1238465159229779969,NotFound
1238465793832013824,NotFound
1238466688674181120,NotFound
1238468705039929352,NotFound
1238469236080680960,Forbidden
1238470157435011072,NotFound
1238471615387553794,NotFound
1238471644722548736,Forbidden
1238471718517329921,NotFound
1238472681638334464,Forbidden
1238473319130656769,NotFound
1238473396318539777,NotFound
1238473401750216705,Forbidden
1238474232943628289,NotFound
1238474539358699520,Forbidden
1238476722640769024,NotFound
1238478859957346304,NotFound
1238481051451826177,NotFound
1238481192824885248,Forbidden
1238481755126063105,NotFound
1238482117459238912,Forbidden
1238485495140810753,NotFound
1238487775281852418,NotFound
1238487939786686464,NotFound
1238488081931665409,NotFound
1238490999141384192,Forbidden
1238491175159545856,NotFound
1238492534709592069,NotFound
1238493206851080192,NotFound
1238495380695703552,Forbidden
1238495592701202432,NotFound
1238496951118770182,NotFound
1238500687924912132,Forbidden
1238501865920385028,NotFound
1238502874348429314,Forbidden
1238505649622876160,NotFound
1238506387770089472,NotFound
1238507170649591810,Forbidden
1238508106574897153,NotFound
1238508482627657729,Forbidden
1238510537295757327,Forbidden
1238510731387121665,NotFound
1238510781148397570,Forbidden
1238510848982814720,NotFound
1238512460547702784,NotFound
1238515705957376001,Forbidden
1238515713670864896,NotFound
1238516976948924417,Forbidden
1238519917395263495,NotFound
1238521013907984384,Forbidden
1238521772363976704,NotFound
1238523851010723841,NotFound
1238524081428815879,NotFound
1238526306855325704,Forbidden
1238526712478150656,Forbidden
1238526726583357440,NotFound
1238528857327763457,NotFound
1238529258202546177,NotFound
1238532207192334336,Forbidden
1238532266726510592,NotFound
1238532660969889792,NotFound
1238532672051449859,NotFound
1238533901175394304,Forbidden
1238534735061749761,NotFound
1238534984102637568,NotFound
1238538585034219520,Forbidden
1238539801357438976,Forbidden
1238540102793490433,NotFound
1238540250030333953,NotFound
1238540294485880834,NotFound
1238540387112763393,NotFound
1238540694689648640,Forbidden
1238542435392933888,NotFound
1238542561406484481,Forbidden
1238543831102099461,Forbidden
1238545790508789760,NotFound
1238548969380249601,Forbidden
1238549264923529217,Forbidden
1238549901744787456,Forbidden
1238553440805990400,Forbidden
1238554560937017344,NotFound
1238556004985360384,NotFound
1238556008944791552,NotFound
1238561233470717952,Forbidden
1238561874888790018,Forbidden
1238562678752362498,NotFound
1238566382179999744,NotFound
1238566879209324544,NotFound
1238568012816490506,NotFound
1238568320191926272,Forbidden
1238571578520145921,NotFound
1238573503026167809,NotFound
1238576038227202051,Forbidden
1238576083588562944,Forbidden
1238577372431032320,NotFound
1238580751710511106,Forbidden
1238581764223905794,NotFound
1238583556584038400,Forbidden
1238585269823115266,NotFound
1238587151756824576,NotFound
1238591505708744707,NotFound
1238593518475632640,NotFound
1238593584724664321,NotFound
1238593847711739904,Forbidden
1238594343683805184,Forbidden
1238595868409901056,Forbidden
1238597071894183937,Forbidden
1238599302181605376,NotFound
1238599690989506560,NotFound
1238600386245771265,NotFound
1238600561089548290,NotFound
1238600633734672385,NotFound
1238602161346490368,NotFound
1238607230238437377,NotFound
1238610158923612160,Forbidden
1238610324858822656,NotFound
1238611947207168001,Forbidden
1238612640290746368,Forbidden
1238614492902068224,Forbidden
1238615809817079808,NotFound
1238618488903593985,Forbidden
1238619770431340554,Forbidden
1238619881739821056,NotFound
1238622312091525121,NotFound
1238622987424804876,Forbidden
1238623344712286208,NotFound
1238626992712343552,NotFound
1238634126888009729,NotFound
1238635169256357888,NotFound
1238640124713472001,NotFound
1238641963416596480,NotFound
1238644464945635328,Forbidden
1238646235692589057,NotFound
1238647397590458368,NotFound
1238648403036237826,NotFound
1238649947790196737,NotFound
1238653588299231233,Forbidden
1238653956185673730,NotFound
1238655202271440902,NotFound
1238655901004894209,NotFound
1238660912422232064,NotFound
1238664178149318656,Forbidden
1238666225980325888,NotFound
1238668060107493376,NotFound
1238669171132715009,NotFound
1238670413011357697,Forbidden
1238671643792285697,Forbidden
1238672468346384384,NotFound
1238674599627362304,NotFound
1238676895727845377,NotFound
1238677325660782592,NotFound
1238678444260691969,Forbidden
1238680870044807170,Forbidden
1238686080976564225,NotFound
1238686426243293185,NotFound
1238691046827180036,NotFound
1238693657315889152,Forbidden
1238693667256193024,NotFound
1238694369059717120,Forbidden
1238695274207260672,NotFound
1238695682640359424,NotFound
1238701557262188544,NotFound
1238701645292122112,NotFound
1238702508249247744,Forbidden
1238702809903763457,NotFound
1238704475029655552,NotFound
1238705822626086913,NotFound
1238706788377210880,NotFound
1238713075957628929,NotFound
1238714250853593089,NotFound
1238714699908173824,NotFound
1238716976442142720,Forbidden
1238719228758216704,Forbidden
1238728433162686464,Forbidden
1238729222459449344,Forbidden
1238738804871032840,Forbidden
1238741279728525312,NotFound
1238743533575712768,NotFound
1238744894056759297,Forbidden
1238744978039484417,Forbidden
1238750680711479298,NotFound
1238750926115991552,Forbidden
1238754805524254720,NotFound
1238767377677983746,Forbidden
1238775264257224706,NotFound
1238777243104677888,NotFound
1238779224401555456,Forbidden
1238783549433696256,NotFound
1238783660070973440,NotFound
1238784621875265536,Forbidden
1238785721894387712,NotFound
1238787276336967681,Forbidden
1238789334787973120,NotFound
1238789809889579010,NotFound
1238790261452537862,Forbidden
1238790526092140545,NotFound
1238792291776696320,NotFound
1238792761932947457,Forbidden
1238794855511449600,NotFound
1238796373836906497,Forbidden
1238796381810237441,Forbidden
1238798535522279424,NotFound
1238798896412983296,NotFound
1238800614823469056,NotFound
1238803050569007109,NotFound
1238803425476968449,NotFound
1238804006035742720,Forbidden
1238804615036010496,NotFound
1238808398692528129,NotFound
1238808510579617794,NotFound
1238814863322828800,Forbidden
1238814887989727239,NotFound
1238816511982256130,NotFound
1238819118272385024,NotFound
1238820657510612994,Forbidden
1238821056326098945,NotFound
1238823623529582593,NotFound
1238824378512572416,Forbidden
1238827964030160897,Forbidden
1238829387589586945,Forbidden
1238831513732612096,NotFound
1238836451724464130,NotFound
1238836681861664769,Forbidden
